printCountries,    28-08-2020 23:05:59
doesThisCountryExist,    28-08-2020 23:05:59
doesThisCountryExist,    28-08-2020 23:05:59
printAllInfo,    28-08-2020 23:05:59
printMedianSalaryInWorld,    28-08-2020 23:05:59
printLowestSalaryinWorld,    28-08-2020 23:05:59
printBigestSalaryinWorld,    28-08-2020 23:05:59
printCountries,    28-08-2020 23:17:47
doesThisCountryExist,    28-08-2020 23:17:47
doesThisCountryExist,    28-08-2020 23:17:47
printAllInfo,    28-08-2020 23:17:47
printMedianSalaryInWorld,    28-08-2020 23:17:47
printLowestSalaryinWorld,    28-08-2020 23:17:47
printBigestSalaryinWorld,    28-08-2020 23:17:47
getNumberOfEmployees,    28-08-2020 23:17:47
getNumberOfPersons,    28-08-2020 23:17:47
getNumberOfEmployees,    28-08-2020 23:17:47
getSumOfSalaries,    28-08-2020 23:17:47
printListOfTeachers,    28-08-2020 23:17:47
printListOfLaborants,    28-08-2020 23:17:47
printListOfSecretaries,    28-08-2020 23:17:47
printListOfStudents,    28-08-2020 23:17:47
printListOfOtherJobs,    28-08-2020 23:17:47
printFacultyEmployees,    28-08-2020 23:17:47
getNumberOfEmployees,    28-08-2020 23:17:47
printListOfTeachers,    28-08-2020 23:17:47
printListOfLaborants,    28-08-2020 23:17:47
printListOfSecretaries,    28-08-2020 23:17:47
printListOfOtherJobs,    28-08-2020 23:17:47
printCountries,    28-08-2020 23:25:24
doesThisCountryExist,    28-08-2020 23:25:24
doesThisCountryExist,    28-08-2020 23:25:24
printAllInfo,    28-08-2020 23:25:24
printMedianSalaryInWorld,    28-08-2020 23:25:24
printLowestSalaryinWorld,    28-08-2020 23:25:24
printBigestSalaryinWorld,    28-08-2020 23:25:24
getNumberOfEmployees,    28-08-2020 23:25:24
getNumberOfPersons,    28-08-2020 23:25:24
getNumberOfEmployees,    28-08-2020 23:25:24
getSumOfSalaries,    28-08-2020 23:25:24
printListOfTeachers,    28-08-2020 23:25:24
printListOfLaborants,    28-08-2020 23:25:24
printListOfSecretaries,    28-08-2020 23:25:24
printListOfStudents,    28-08-2020 23:25:24
printListOfOtherJobs,    28-08-2020 23:25:24
printFacultyEmployees,    28-08-2020 23:25:24
getNumberOfEmployees,    28-08-2020 23:25:24
printListOfTeachers,    28-08-2020 23:25:24
printListOfLaborants,    28-08-2020 23:25:24
printListOfSecretaries,    28-08-2020 23:25:24
printListOfOtherJobs,    28-08-2020 23:25:24
printCountries,    29-08-2020 12:24:32
doesThisCountryExist,    29-08-2020 12:24:32
doesThisCountryExist,    29-08-2020 12:24:32
printAllInfo,    29-08-2020 12:24:32
printMedianSalaryInWorld,    29-08-2020 12:24:32
printLowestSalaryinWorld,    29-08-2020 12:24:32
printBigestSalaryinWorld,    29-08-2020 12:24:32
getNumberOfEmployees,    29-08-2020 12:24:32
getNumberOfPersons,    29-08-2020 12:24:32
getNumberOfEmployees,    29-08-2020 12:24:32
getSumOfSalaries,    29-08-2020 12:24:32
printListOfTeachers,    29-08-2020 12:24:32
printListOfLaborants,    29-08-2020 12:24:32
printListOfSecretaries,    29-08-2020 12:24:32
printListOfStudents,    29-08-2020 12:24:32
printListOfOtherJobs,    29-08-2020 12:24:32
printFacultyEmployees,    29-08-2020 12:24:32
getNumberOfEmployees,    29-08-2020 12:24:32
printListOfTeachers,    29-08-2020 12:24:32
printListOfLaborants,    29-08-2020 12:24:32
printListOfSecretaries,    29-08-2020 12:24:32
printListOfOtherJobs,    29-08-2020 12:24:32
printCountries,    29-08-2020 12:41:55
doesThisCountryExist,    29-08-2020 12:41:55
doesThisCountryExist,    29-08-2020 12:41:55
printAllInfo,    29-08-2020 12:41:55
printMedianSalaryInWorld,    29-08-2020 12:41:55
printLowestSalaryinWorld,    29-08-2020 12:41:55
printBigestSalaryinWorld,    29-08-2020 12:41:55
getNumberOfEmployees,    29-08-2020 12:41:55
getNumberOfPersons,    29-08-2020 12:41:55
getNumberOfEmployees,    29-08-2020 12:41:55
getSumOfSalaries,    29-08-2020 12:41:55
printListOfTeachers,    29-08-2020 12:41:55
printListOfLaborants,    29-08-2020 12:41:55
printListOfSecretaries,    29-08-2020 12:41:55
printListOfStudents,    29-08-2020 12:41:55
printListOfOtherJobs,    29-08-2020 12:41:55
printFacultyEmployees,    29-08-2020 12:41:55
getNumberOfEmployees,    29-08-2020 12:41:55
printListOfTeachers,    29-08-2020 12:41:55
printListOfLaborants,    29-08-2020 12:41:55
printListOfSecretaries,    29-08-2020 12:41:55
printListOfOtherJobs,    29-08-2020 12:41:55
printAllInfo,    29-08-2020 14:13:21
printAllInfo,    29-08-2020 14:15:20
printAllInfo,    29-08-2020 14:17:19
printAllInfo,    29-08-2020 14:20:27
printAllInfo,    29-08-2020 14:21:58
printAllInfo,    29-08-2020 15:34:43
printAllInfo,    29-08-2020 15:35:26
printAllInfo,    29-08-2020 17:01:38
printAllInfo,    29-08-2020 17:02:09
printAllInfo,    29-08-2020 17:05:13
printAllInfo,    29-08-2020 17:29:40
printAllInfo,    29-08-2020 17:33:55
printAllInfo,    29-08-2020 17:35:18
printAllInfo,    29-08-2020 17:39:57
printAllInfo,    29-08-2020 17:40:22
printAllInfo,    29-08-2020 17:42:17
printAllInfo,    29-08-2020 17:43:47
printAllInfo,    29-08-2020 17:45:05
printAllInfo,    29-08-2020 17:46:43
printAllInfo,    29-08-2020 17:47:10
printAllInfo,    29-08-2020 18:49:49
printAllInfo,    29-08-2020 18:54:10
printAllInfo,    29-08-2020 18:54:55
printAllInfo,    29-08-2020 19:16:52
printAllInfo,    29-08-2020 19:29:54
printAllInfo,    29-08-2020 19:39:59
printAllInfo,    29-08-2020 19:55:43
printCountries,    30-08-2020 02:05:05
doesThisCountryExist,    30-08-2020 02:05:05
doesThisCountryExist,    30-08-2020 02:05:05
printAllInfo,    30-08-2020 02:05:05
printMedianSalaryInWorld,    30-08-2020 02:05:05
printLowestSalaryinWorld,    30-08-2020 02:05:05
printBigestSalaryinWorld,    30-08-2020 02:05:05
getNumberOfEmployees,    30-08-2020 02:05:05
getNumberOfPersons,    30-08-2020 02:05:05
getNumberOfEmployees,    30-08-2020 02:05:05
getSumOfSalaries,    30-08-2020 02:05:05
printListOfTeachers,    30-08-2020 02:05:05
printListOfLaborants,    30-08-2020 02:05:05
printListOfSecretaries,    30-08-2020 02:05:05
printListOfStudents,    30-08-2020 02:05:05
printListOfOtherJobs,    30-08-2020 02:05:05
printFacultyEmployees,    30-08-2020 02:05:05
getNumberOfEmployees,    30-08-2020 02:05:05
printListOfTeachers,    30-08-2020 02:05:05
printListOfLaborants,    30-08-2020 02:05:05
printListOfSecretaries,    30-08-2020 02:05:05
printListOfOtherJobs,    30-08-2020 02:05:05
printCountries,    30-08-2020 02:07:51
doesThisCountryExist,    30-08-2020 02:07:51
doesThisCountryExist,    30-08-2020 02:07:51
printAllInfo,    30-08-2020 02:07:51
printMedianSalaryInWorld,    30-08-2020 02:07:51
printLowestSalaryinWorld,    30-08-2020 02:07:51
printBigestSalaryinWorld,    30-08-2020 02:07:51
getNumberOfEmployees,    30-08-2020 02:07:51
getNumberOfPersons,    30-08-2020 02:07:51
getNumberOfEmployees,    30-08-2020 02:07:51
getSumOfSalaries,    30-08-2020 02:07:51
printListOfTeachers,    30-08-2020 02:07:51
printListOfLaborants,    30-08-2020 02:07:51
printListOfSecretaries,    30-08-2020 02:07:51
printListOfStudents,    30-08-2020 02:07:51
printListOfOtherJobs,    30-08-2020 02:07:51
printFacultyEmployees,    30-08-2020 02:07:51
getNumberOfEmployees,    30-08-2020 02:07:51
printListOfTeachers,    30-08-2020 02:07:51
printListOfLaborants,    30-08-2020 02:07:51
printListOfSecretaries,    30-08-2020 02:07:51
printListOfOtherJobs,    30-08-2020 02:07:51
printCountries,    30-08-2020 02:08:03
doesThisCountryExist,    30-08-2020 02:08:03
doesThisCountryExist,    30-08-2020 02:08:03
printAllInfo,    30-08-2020 02:08:03
printMedianSalaryInWorld,    30-08-2020 02:08:03
printLowestSalaryinWorld,    30-08-2020 02:08:03
printBigestSalaryinWorld,    30-08-2020 02:08:03
getNumberOfEmployees,    30-08-2020 02:08:03
getNumberOfPersons,    30-08-2020 02:08:03
getNumberOfEmployees,    30-08-2020 02:08:03
getSumOfSalaries,    30-08-2020 02:08:03
printListOfTeachers,    30-08-2020 02:08:03
printListOfLaborants,    30-08-2020 02:08:03
printListOfSecretaries,    30-08-2020 02:08:03
printListOfStudents,    30-08-2020 02:08:03
printListOfOtherJobs,    30-08-2020 02:08:03
printFacultyEmployees,    30-08-2020 02:08:03
getNumberOfEmployees,    30-08-2020 02:08:03
printListOfTeachers,    30-08-2020 02:08:03
printListOfLaborants,    30-08-2020 02:08:03
printListOfSecretaries,    30-08-2020 02:08:03
printListOfOtherJobs,    30-08-2020 02:08:03
printListOfOtherJobs,    30-08-2020 02:35:46
printMedianSalaryInWorld,    30-08-2020 02:35:46
printCountries,    30-08-2020 02:35:46
getNumberOfEmployees,    30-08-2020 02:35:46
printFacultyEmployees,    30-08-2020 02:35:46
getNumberOfPersons,    30-08-2020 02:35:46
doesThisCountryExist,    30-08-2020 02:35:46
printLowestSalaryinWorld,    30-08-2020 02:35:46
getNumberOfEmployees,    30-08-2020 02:35:46
getNumberOfEmployees,    30-08-2020 02:35:46
printListOfSecretaries,    30-08-2020 02:35:46
getSumOfSalaries,    30-08-2020 02:35:46
printBigestSalaryinWorld,    30-08-2020 02:35:46
printListOfStudents,    30-08-2020 02:35:46
printListOfTeachers,    30-08-2020 02:35:46
printListOfLaborants,    30-08-2020 02:35:46
printListOfSecretaries,    30-08-2020 02:35:46
printListOfOtherJobs,    30-08-2020 02:35:46
getNumberOfEmployees,    30-08-2020 02:36:19
printListOfOtherJobs,    30-08-2020 02:36:19
printCountries,    30-08-2020 02:36:19
printMedianSalaryInWorld,    30-08-2020 02:36:19
getNumberOfPersons,    30-08-2020 02:36:19
printLowestSalaryinWorld,    30-08-2020 02:36:19
doesThisCountryExist,    30-08-2020 02:36:19
printFacultyEmployees,    30-08-2020 02:36:19
getNumberOfEmployees,    30-08-2020 02:36:19
getNumberOfEmployees,    30-08-2020 02:36:19
printBigestSalaryinWorld,    30-08-2020 02:36:19
printListOfSecretaries,    30-08-2020 02:36:19
getSumOfSalaries,    30-08-2020 02:36:19
printListOfStudents,    30-08-2020 02:36:19
printListOfTeachers,    30-08-2020 02:36:19
printListOfLaborants,    30-08-2020 02:36:19
printListOfSecretaries,    30-08-2020 02:36:19
printListOfOtherJobs,    30-08-2020 02:36:19
printCountries,    30-08-2020 02:37:21
doesThisCountryExist,    30-08-2020 02:37:21
doesThisCountryExist,    30-08-2020 02:37:21
printAllInfo,    30-08-2020 02:37:21
printMedianSalaryInWorld,    30-08-2020 02:37:21
printLowestSalaryinWorld,    30-08-2020 02:37:21
printBigestSalaryinWorld,    30-08-2020 02:37:21
getNumberOfEmployees,    30-08-2020 02:37:21
getNumberOfPersons,    30-08-2020 02:37:21
getNumberOfEmployees,    30-08-2020 02:37:21
getSumOfSalaries,    30-08-2020 02:37:21
printListOfTeachers,    30-08-2020 02:37:21
printListOfLaborants,    30-08-2020 02:37:21
printListOfSecretaries,    30-08-2020 02:37:21
printListOfStudents,    30-08-2020 02:37:21
printListOfOtherJobs,    30-08-2020 02:37:21
printFacultyEmployees,    30-08-2020 02:37:21
getNumberOfEmployees,    30-08-2020 02:37:21
printListOfTeachers,    30-08-2020 02:37:21
printListOfLaborants,    30-08-2020 02:37:21
printListOfSecretaries,    30-08-2020 02:37:21
printListOfOtherJobs,    30-08-2020 02:37:21
printListOfOtherJobs,    30-08-2020 02:38:57
printCountries,    30-08-2020 02:38:57
printMedianSalaryInWorld,    30-08-2020 02:38:57
getNumberOfEmployees,    30-08-2020 02:38:57
getNumberOfPersons,    30-08-2020 02:38:57
printFacultyEmployees,    30-08-2020 02:38:57
doesThisCountryExist,    30-08-2020 02:38:57
printLowestSalaryinWorld,    30-08-2020 02:38:57
getNumberOfEmployees,    30-08-2020 02:38:57
getNumberOfEmployees,    30-08-2020 02:38:57
printListOfSecretaries,    30-08-2020 02:38:57
printBigestSalaryinWorld,    30-08-2020 02:38:57
getSumOfSalaries,    30-08-2020 02:38:57
printListOfStudents,    30-08-2020 02:38:57
printListOfTeachers,    30-08-2020 02:38:57
printListOfLaborants,    30-08-2020 02:38:57
printListOfSecretaries,    30-08-2020 02:38:57
printListOfOtherJobs,    30-08-2020 02:38:57
printCountries,    30-08-2020 02:39:21
printListOfOtherJobs,    30-08-2020 02:39:21
printMedianSalaryInWorld,    30-08-2020 02:39:21
getNumberOfEmployees,    30-08-2020 02:39:21
printLowestSalaryinWorld,    30-08-2020 02:39:21
printFacultyEmployees,    30-08-2020 02:39:21
doesThisCountryExist,    30-08-2020 02:39:21
getNumberOfEmployees,    30-08-2020 02:39:21
printBigestSalaryinWorld,    30-08-2020 02:39:21
getNumberOfPersons,    30-08-2020 02:39:21
printListOfSecretaries,    30-08-2020 02:39:21
getNumberOfEmployees,    30-08-2020 02:39:21
printListOfStudents,    30-08-2020 02:39:21
printListOfTeachers,    30-08-2020 02:39:21
getSumOfSalaries,    30-08-2020 02:39:21
printListOfLaborants,    30-08-2020 02:39:21
printListOfSecretaries,    30-08-2020 02:39:21
printListOfOtherJobs,    30-08-2020 02:39:21
printCountries,    30-08-2020 02:40:51
getNumberOfEmployees,    30-08-2020 02:40:51
printListOfOtherJobs,    30-08-2020 02:40:51
printMedianSalaryInWorld,    30-08-2020 02:40:51
doesThisCountryExist,    30-08-2020 02:40:51
printListOfSecretaries,    30-08-2020 02:40:51
printFacultyEmployees,    30-08-2020 02:40:51
printLowestSalaryinWorld,    30-08-2020 02:40:51
getNumberOfEmployees,    30-08-2020 02:40:51
getNumberOfPersons,    30-08-2020 02:40:51
printListOfStudents,    30-08-2020 02:40:51
getNumberOfEmployees,    30-08-2020 02:40:51
printBigestSalaryinWorld,    30-08-2020 02:40:51
getSumOfSalaries,    30-08-2020 02:40:51
printListOfTeachers,    30-08-2020 02:40:51
printListOfLaborants,    30-08-2020 02:40:51
printListOfSecretaries,    30-08-2020 02:40:51
printListOfOtherJobs,    30-08-2020 02:40:51
printCountries,    30-08-2020 02:41:52
getNumberOfEmployees,    30-08-2020 02:41:52
printMedianSalaryInWorld,    30-08-2020 02:41:52
printListOfOtherJobs,    30-08-2020 02:41:52
printLowestSalaryinWorld,    30-08-2020 02:41:52
printFacultyEmployees,    30-08-2020 02:41:52
doesThisCountryExist,    30-08-2020 02:41:52
getNumberOfPersons,    30-08-2020 02:41:52
getNumberOfEmployees,    30-08-2020 02:41:52
getNumberOfEmployees,    30-08-2020 02:41:52
printListOfSecretaries,    30-08-2020 02:41:52
printBigestSalaryinWorld,    30-08-2020 02:41:52
getSumOfSalaries,    30-08-2020 02:41:52
printListOfStudents,    30-08-2020 02:41:52
printListOfTeachers,    30-08-2020 02:41:52
printListOfLaborants,    30-08-2020 02:41:52
printListOfSecretaries,    30-08-2020 02:41:52
printListOfOtherJobs,    30-08-2020 02:41:52
getNumberOfEmployees,    30-08-2020 09:52:01
printListOfOtherJobs,    30-08-2020 09:52:01
printCountries,    30-08-2020 09:52:01
printMedianSalaryInWorld,    30-08-2020 09:52:01
getNumberOfPersons,    30-08-2020 09:52:01
printLowestSalaryinWorld,    30-08-2020 09:52:01
doesThisCountryExist,    30-08-2020 09:52:01
printFacultyEmployees,    30-08-2020 09:52:01
getNumberOfEmployees,    30-08-2020 09:52:01
getNumberOfEmployees,    30-08-2020 09:52:01
printListOfSecretaries,    30-08-2020 09:52:01
printBigestSalaryinWorld,    30-08-2020 09:52:01
getSumOfSalaries,    30-08-2020 09:52:01
printListOfStudents,    30-08-2020 09:52:01
printListOfTeachers,    30-08-2020 09:52:01
printListOfLaborants,    30-08-2020 09:52:01
printListOfSecretaries,    30-08-2020 09:52:01
printListOfOtherJobs,    30-08-2020 09:52:01
printMedianSalaryInWorld,    30-08-2020 10:00:09
printListOfOtherJobs,    30-08-2020 10:00:09
printCountries,    30-08-2020 10:00:09
getNumberOfEmployees,    30-08-2020 10:00:09
printLowestSalaryinWorld,    30-08-2020 10:00:09
getNumberOfPersons,    30-08-2020 10:00:09
printFacultyEmployees,    30-08-2020 10:00:09
getNumberOfEmployees,    30-08-2020 10:00:09
getNumberOfEmployees,    30-08-2020 10:00:09
printBigestSalaryinWorld,    30-08-2020 10:00:09
doesThisCountryExist,    30-08-2020 10:00:09
getSumOfSalaries,    30-08-2020 10:00:09
printListOfTeachers,    30-08-2020 10:00:09
printListOfSecretaries,    30-08-2020 10:00:09
printListOfLaborants,    30-08-2020 10:00:09
printListOfStudents,    30-08-2020 10:00:09
printListOfSecretaries,    30-08-2020 10:00:09
printListOfOtherJobs,    30-08-2020 10:00:09
printCountries,    30-08-2020 10:03:19
printMedianSalaryInWorld,    30-08-2020 10:03:19
printListOfOtherJobs,    30-08-2020 10:03:19
getNumberOfEmployees,    30-08-2020 10:03:19
printFacultyEmployees,    30-08-2020 10:03:19
printLowestSalaryinWorld,    30-08-2020 10:03:19
getNumberOfPersons,    30-08-2020 10:03:19
getNumberOfEmployees,    30-08-2020 10:03:19
getNumberOfEmployees,    30-08-2020 10:03:19
printBigestSalaryinWorld,    30-08-2020 10:03:19
getSumOfSalaries,    30-08-2020 10:03:19
doesThisCountryExist,    30-08-2020 10:03:19
printListOfSecretaries,    30-08-2020 10:03:19
printListOfTeachers,    30-08-2020 10:03:19
printListOfStudents,    30-08-2020 10:03:19
printListOfLaborants,    30-08-2020 10:03:19
printListOfSecretaries,    30-08-2020 10:03:20
printListOfOtherJobs,    30-08-2020 10:03:20
printCountries,    30-08-2020 10:05:41
printMedianSalaryInWorld,    30-08-2020 10:05:41
getNumberOfEmployees,    30-08-2020 10:05:41
printListOfOtherJobs,    30-08-2020 10:05:41
getNumberOfPersons,    30-08-2020 10:05:41
printLowestSalaryinWorld,    30-08-2020 10:05:41
printFacultyEmployees,    30-08-2020 10:05:41
getNumberOfEmployees,    30-08-2020 10:05:41
getNumberOfEmployees,    30-08-2020 10:05:41
printBigestSalaryinWorld,    30-08-2020 10:05:41
getSumOfSalaries,    30-08-2020 10:05:41
doesThisCountryExist,    30-08-2020 10:05:41
printListOfSecretaries,    30-08-2020 10:05:41
printListOfTeachers,    30-08-2020 10:05:41
printListOfStudents,    30-08-2020 10:05:41
printListOfLaborants,    30-08-2020 10:05:41
printListOfSecretaries,    30-08-2020 10:05:41
printListOfOtherJobs,    30-08-2020 10:05:41
printMedianSalaryInWorld,    30-08-2020 10:17:34
printCountries,    30-08-2020 10:17:34
getNumberOfEmployees,    30-08-2020 10:17:34
printListOfOtherJobs,    30-08-2020 10:17:34
printFacultyEmployees,    30-08-2020 10:17:34
printLowestSalaryinWorld,    30-08-2020 10:17:34
getNumberOfEmployees,    30-08-2020 10:17:34
printBigestSalaryinWorld,    30-08-2020 10:17:34
getNumberOfPersons,    30-08-2020 10:17:34
doesThisCountryExist,    30-08-2020 10:17:34
getNumberOfEmployees,    30-08-2020 10:17:34
printListOfSecretaries,    30-08-2020 10:17:34
getSumOfSalaries,    30-08-2020 10:17:34
printListOfTeachers,    30-08-2020 10:17:34
printListOfStudents,    30-08-2020 10:17:34
printListOfLaborants,    30-08-2020 10:17:34
printListOfSecretaries,    30-08-2020 10:17:34
printListOfOtherJobs,    30-08-2020 10:17:34
printListOfOtherJobs,    30-08-2020 10:26:59
printCountries,    30-08-2020 10:26:59
getNumberOfEmployees,    30-08-2020 10:26:59
printMedianSalaryInWorld,    30-08-2020 10:26:59
printFacultyEmployees,    30-08-2020 10:26:59
getNumberOfPersons,    30-08-2020 10:26:59
doesThisCountryExist,    30-08-2020 10:26:59
getNumberOfEmployees,    30-08-2020 10:26:59
getNumberOfEmployees,    30-08-2020 10:26:59
printListOfSecretaries,    30-08-2020 10:26:59
getSumOfSalaries,    30-08-2020 10:26:59
printLowestSalaryinWorld,    30-08-2020 10:26:59
printListOfStudents,    30-08-2020 10:26:59
printBigestSalaryinWorld,    30-08-2020 10:26:59
printListOfTeachers,    30-08-2020 10:26:59
printListOfLaborants,    30-08-2020 10:26:59
printListOfSecretaries,    30-08-2020 10:26:59
printListOfOtherJobs,    30-08-2020 10:26:59
printLowestSalaryinWorld,    30-08-2020 10:27:15
printLowestSalaryinWorld,    30-08-2020 10:27:16
printLowestSalaryinWorld,    30-08-2020 10:27:16
printLowestSalaryinWorld,    30-08-2020 10:27:16
printLowestSalaryinWorld,    30-08-2020 10:27:16
printLowestSalaryinWorld,    30-08-2020 10:27:16
printLowestSalaryinWorld,    30-08-2020 10:27:18
printCountries,    30-08-2020 10:36:05
getNumberOfEmployees,    30-08-2020 10:36:05
printMedianSalaryInWorld,    30-08-2020 10:36:05
printListOfOtherJobs,    30-08-2020 10:36:05
doesThisCountryExist,    30-08-2020 10:36:05
getNumberOfPersons,    30-08-2020 10:36:05
printLowestSalaryinWorld,    30-08-2020 10:36:05
printFacultyEmployees,    30-08-2020 10:36:05
getNumberOfEmployees,    30-08-2020 10:36:05
getNumberOfEmployees,    30-08-2020 10:36:05
printBigestSalaryinWorld,    30-08-2020 10:36:05
printListOfSecretaries,    30-08-2020 10:36:05
getSumOfSalaries,    30-08-2020 10:36:05
printListOfStudents,    30-08-2020 10:36:05
printListOfTeachers,    30-08-2020 10:36:05
printListOfLaborants,    30-08-2020 10:36:05
printListOfSecretaries,    30-08-2020 10:36:05
printListOfOtherJobs,    30-08-2020 10:36:05
printMedianSalaryInWorld,    30-08-2020 10:36:09
printLowestSalaryinWorld,    30-08-2020 10:36:10
printMedianSalaryInWorld,    30-08-2020 10:36:11
printLowestSalaryinWorld,    30-08-2020 10:36:12
getNumberOfEmployees,    30-08-2020 10:40:15
printCountries,    30-08-2020 10:40:15
printListOfOtherJobs,    30-08-2020 10:40:15
printMedianSalaryInWorld,    30-08-2020 10:40:15
printFacultyEmployees,    30-08-2020 10:40:15
doesThisCountryExist,    30-08-2020 10:40:15
getNumberOfPersons,    30-08-2020 10:40:15
getNumberOfEmployees,    30-08-2020 10:40:15
printLowestSalaryinWorld,    30-08-2020 10:40:15
getNumberOfEmployees,    30-08-2020 10:40:15
printListOfSecretaries,    30-08-2020 10:40:15
printBigestSalaryinWorld,    30-08-2020 10:40:15
getSumOfSalaries,    30-08-2020 10:40:15
printListOfStudents,    30-08-2020 10:40:15
printListOfTeachers,    30-08-2020 10:40:15
printListOfLaborants,    30-08-2020 10:40:15
printListOfSecretaries,    30-08-2020 10:40:15
printListOfOtherJobs,    30-08-2020 10:40:15
printMedianSalaryInWorld,    30-08-2020 10:40:36
printCountries,    30-08-2020 10:40:36
getNumberOfEmployees,    30-08-2020 10:40:36
printListOfOtherJobs,    30-08-2020 10:40:36
doesThisCountryExist,    30-08-2020 10:40:36
printFacultyEmployees,    30-08-2020 10:40:36
printLowestSalaryinWorld,    30-08-2020 10:40:36
getNumberOfEmployees,    30-08-2020 10:40:36
printListOfSecretaries,    30-08-2020 10:40:36
printBigestSalaryinWorld,    30-08-2020 10:40:36
getNumberOfPersons,    30-08-2020 10:40:36
printListOfStudents,    30-08-2020 10:40:36
getNumberOfEmployees,    30-08-2020 10:40:36
getSumOfSalaries,    30-08-2020 10:40:36
printListOfTeachers,    30-08-2020 10:40:36
printListOfLaborants,    30-08-2020 10:40:36
printListOfSecretaries,    30-08-2020 10:40:36
printListOfOtherJobs,    30-08-2020 10:40:36
printMedianSalaryInWorld,    30-08-2020 10:41:30
printListOfOtherJobs,    30-08-2020 10:41:30
getNumberOfEmployees,    30-08-2020 10:41:30
printCountries,    30-08-2020 10:41:30
printFacultyEmployees,    30-08-2020 10:41:30
getNumberOfPersons,    30-08-2020 10:41:30
doesThisCountryExist,    30-08-2020 10:41:30
getNumberOfEmployees,    30-08-2020 10:41:30
printLowestSalaryinWorld,    30-08-2020 10:41:30
getNumberOfEmployees,    30-08-2020 10:41:30
printListOfSecretaries,    30-08-2020 10:41:30
printBigestSalaryinWorld,    30-08-2020 10:41:30
getSumOfSalaries,    30-08-2020 10:41:30
printListOfStudents,    30-08-2020 10:41:30
printListOfTeachers,    30-08-2020 10:41:30
printListOfLaborants,    30-08-2020 10:41:30
printListOfSecretaries,    30-08-2020 10:41:30
printListOfOtherJobs,    30-08-2020 10:41:30
printListOfOtherJobs,    30-08-2020 10:43:01
printCountries,    30-08-2020 10:43:01
printMedianSalaryInWorld,    30-08-2020 10:43:01
getNumberOfEmployees,    30-08-2020 10:43:01
printLowestSalaryinWorld,    30-08-2020 10:43:01
printFacultyEmployees,    30-08-2020 10:43:01
doesThisCountryExist,    30-08-2020 10:43:01
getNumberOfEmployees,    30-08-2020 10:43:01
printBigestSalaryinWorld,    30-08-2020 10:43:01
printListOfSecretaries,    30-08-2020 10:43:01
getNumberOfPersons,    30-08-2020 10:43:01
getNumberOfEmployees,    30-08-2020 10:43:01
printListOfStudents,    30-08-2020 10:43:01
getSumOfSalaries,    30-08-2020 10:43:01
printListOfTeachers,    30-08-2020 10:43:01
printListOfLaborants,    30-08-2020 10:43:01
printListOfSecretaries,    30-08-2020 10:43:01
printListOfOtherJobs,    30-08-2020 10:43:01
printCountries,    30-08-2020 10:43:16
printMedianSalaryInWorld,    30-08-2020 10:43:16
getNumberOfEmployees,    30-08-2020 10:43:16
printListOfOtherJobs,    30-08-2020 10:43:16
printFacultyEmployees,    30-08-2020 10:43:16
doesThisCountryExist,    30-08-2020 10:43:16
printLowestSalaryinWorld,    30-08-2020 10:43:16
getNumberOfEmployees,    30-08-2020 10:43:16
printListOfSecretaries,    30-08-2020 10:43:16
printBigestSalaryinWorld,    30-08-2020 10:43:16
getNumberOfPersons,    30-08-2020 10:43:16
getNumberOfEmployees,    30-08-2020 10:43:16
printListOfStudents,    30-08-2020 10:43:16
getSumOfSalaries,    30-08-2020 10:43:16
printListOfTeachers,    30-08-2020 10:43:16
printListOfLaborants,    30-08-2020 10:43:16
printListOfSecretaries,    30-08-2020 10:43:16
printListOfOtherJobs,    30-08-2020 10:43:16
getNumberOfEmployees,    30-08-2020 10:43:27
printCountries,    30-08-2020 10:43:27
printMedianSalaryInWorld,    30-08-2020 10:43:27
printListOfOtherJobs,    30-08-2020 10:43:27
printFacultyEmployees,    30-08-2020 10:43:27
printLowestSalaryinWorld,    30-08-2020 10:43:27
doesThisCountryExist,    30-08-2020 10:43:27
getNumberOfEmployees,    30-08-2020 10:43:27
printBigestSalaryinWorld,    30-08-2020 10:43:27
printListOfSecretaries,    30-08-2020 10:43:27
getNumberOfPersons,    30-08-2020 10:43:27
getNumberOfEmployees,    30-08-2020 10:43:27
printListOfStudents,    30-08-2020 10:43:27
getSumOfSalaries,    30-08-2020 10:43:27
printListOfTeachers,    30-08-2020 10:43:27
printListOfLaborants,    30-08-2020 10:43:27
printListOfSecretaries,    30-08-2020 10:43:27
printListOfOtherJobs,    30-08-2020 10:43:27
printLowestSalaryinWorld,    30-08-2020 10:44:07
printMedianSalaryInWorld,    30-08-2020 10:44:07
printBigestSalaryinWorld,    30-08-2020 10:44:08
getNumberOfEmployees,    30-08-2020 10:44:49
printCountries,    30-08-2020 10:44:49
printListOfOtherJobs,    30-08-2020 10:44:49
printMedianSalaryInWorld,    30-08-2020 10:44:49
getNumberOfPersons,    30-08-2020 10:44:49
doesThisCountryExist,    30-08-2020 10:44:49
printFacultyEmployees,    30-08-2020 10:44:49
getNumberOfEmployees,    30-08-2020 10:44:49
getNumberOfEmployees,    30-08-2020 10:44:49
printListOfSecretaries,    30-08-2020 10:44:49
printLowestSalaryinWorld,    30-08-2020 10:44:49
getSumOfSalaries,    30-08-2020 10:44:49
printListOfStudents,    30-08-2020 10:44:49
printBigestSalaryinWorld,    30-08-2020 10:44:49
printListOfTeachers,    30-08-2020 10:44:49
printListOfLaborants,    30-08-2020 10:44:49
printListOfSecretaries,    30-08-2020 10:44:49
printListOfOtherJobs,    30-08-2020 10:44:49
printCountries,    30-08-2020 10:45:58
printListOfOtherJobs,    30-08-2020 10:45:58
printMedianSalaryInWorld,    30-08-2020 10:45:58
getNumberOfEmployees,    30-08-2020 10:45:58
doesThisCountryExist,    30-08-2020 10:45:58
printLowestSalaryinWorld,    30-08-2020 10:45:58
printFacultyEmployees,    30-08-2020 10:45:58
printListOfSecretaries,    30-08-2020 10:45:58
getNumberOfEmployees,    30-08-2020 10:45:58
printBigestSalaryinWorld,    30-08-2020 10:45:58
getNumberOfPersons,    30-08-2020 10:45:58
printListOfStudents,    30-08-2020 10:45:58
getNumberOfEmployees,    30-08-2020 10:45:58
getSumOfSalaries,    30-08-2020 10:45:58
printListOfTeachers,    30-08-2020 10:45:58
printListOfLaborants,    30-08-2020 10:45:58
printListOfSecretaries,    30-08-2020 10:45:58
printListOfOtherJobs,    30-08-2020 10:45:58
printLowestSalaryinWorld,    30-08-2020 10:48:22
printMedianSalaryInWorld,    30-08-2020 10:51:32
printBigestSalaryinWorld,    30-08-2020 10:51:32
printMedianSalaryInWorld,    30-08-2020 10:54:24
printListOfOtherJobs,    30-08-2020 10:54:24
printCountries,    30-08-2020 10:54:24
getNumberOfEmployees,    30-08-2020 10:54:24
doesThisCountryExist,    30-08-2020 10:54:24
printFacultyEmployees,    30-08-2020 10:54:24
getNumberOfPersons,    30-08-2020 10:54:24
getNumberOfEmployees,    30-08-2020 10:54:24
getNumberOfEmployees,    30-08-2020 10:54:24
printListOfSecretaries,    30-08-2020 10:54:24
printLowestSalaryinWorld,    30-08-2020 10:54:24
getSumOfSalaries,    30-08-2020 10:54:24
printListOfStudents,    30-08-2020 10:54:24
printBigestSalaryinWorld,    30-08-2020 10:54:24
printListOfTeachers,    30-08-2020 10:54:24
printListOfLaborants,    30-08-2020 10:54:24
printListOfSecretaries,    30-08-2020 10:54:24
printListOfOtherJobs,    30-08-2020 10:54:24
printCountries,    30-08-2020 10:54:56
printListOfOtherJobs,    30-08-2020 10:54:56
getNumberOfEmployees,    30-08-2020 10:54:56
printMedianSalaryInWorld,    30-08-2020 10:54:56
getNumberOfPersons,    30-08-2020 10:54:56
printFacultyEmployees,    30-08-2020 10:54:56
doesThisCountryExist,    30-08-2020 10:54:56
getNumberOfEmployees,    30-08-2020 10:54:56
getNumberOfEmployees,    30-08-2020 10:54:56
printListOfSecretaries,    30-08-2020 10:54:56
getSumOfSalaries,    30-08-2020 10:54:56
printLowestSalaryinWorld,    30-08-2020 10:54:56
printListOfStudents,    30-08-2020 10:54:56
printBigestSalaryinWorld,    30-08-2020 10:54:56
printListOfTeachers,    30-08-2020 10:54:56
printListOfLaborants,    30-08-2020 10:54:56
printListOfSecretaries,    30-08-2020 10:54:56
printListOfOtherJobs,    30-08-2020 10:54:56
getNumberOfEmployees,    30-08-2020 10:55:13
printListOfOtherJobs,    30-08-2020 10:55:13
printMedianSalaryInWorld,    30-08-2020 10:55:13
printCountries,    30-08-2020 10:55:13
getNumberOfPersons,    30-08-2020 10:55:13
printFacultyEmployees,    30-08-2020 10:55:13
printLowestSalaryinWorld,    30-08-2020 10:55:13
getNumberOfEmployees,    30-08-2020 10:55:13
getNumberOfEmployees,    30-08-2020 10:55:13
printBigestSalaryinWorld,    30-08-2020 10:55:13
getSumOfSalaries,    30-08-2020 10:55:13
doesThisCountryExist,    30-08-2020 10:55:13
printListOfSecretaries,    30-08-2020 10:55:13
printListOfTeachers,    30-08-2020 10:55:13
printListOfStudents,    30-08-2020 10:55:13
printListOfLaborants,    30-08-2020 10:55:13
printListOfSecretaries,    30-08-2020 10:55:13
printListOfOtherJobs,    30-08-2020 10:55:13
getNumberOfEmployees,    30-08-2020 10:57:34
printCountries,    30-08-2020 10:57:34
printMedianSalaryInWorld,    30-08-2020 10:57:34
printListOfOtherJobs,    30-08-2020 10:57:34
printFacultyEmployees,    30-08-2020 10:57:34
doesThisCountryExist,    30-08-2020 10:57:34
getNumberOfEmployees,    30-08-2020 10:57:34
printLowestSalaryinWorld,    30-08-2020 10:57:34
printListOfSecretaries,    30-08-2020 10:57:34
printBigestSalaryinWorld,    30-08-2020 10:57:34
getNumberOfPersons,    30-08-2020 10:57:34
printListOfStudents,    30-08-2020 10:57:34
getNumberOfEmployees,    30-08-2020 10:57:34
printListOfTeachers,    30-08-2020 10:57:34
getSumOfSalaries,    30-08-2020 10:57:34
printListOfLaborants,    30-08-2020 10:57:34
printListOfSecretaries,    30-08-2020 10:57:34
printListOfOtherJobs,    30-08-2020 10:57:34
printCountries,    30-08-2020 10:57:57
printListOfOtherJobs,    30-08-2020 10:57:57
getNumberOfEmployees,    30-08-2020 10:57:57
printMedianSalaryInWorld,    30-08-2020 10:57:57
doesThisCountryExist,    30-08-2020 10:57:57
printFacultyEmployees,    30-08-2020 10:57:57
getNumberOfPersons,    30-08-2020 10:57:57
getNumberOfEmployees,    30-08-2020 10:57:57
getNumberOfEmployees,    30-08-2020 10:57:57
printListOfSecretaries,    30-08-2020 10:57:57
printLowestSalaryinWorld,    30-08-2020 10:57:57
getSumOfSalaries,    30-08-2020 10:57:57
printListOfStudents,    30-08-2020 10:57:57
printBigestSalaryinWorld,    30-08-2020 10:57:57
printListOfTeachers,    30-08-2020 10:57:57
printListOfLaborants,    30-08-2020 10:57:57
printListOfSecretaries,    30-08-2020 10:57:57
printListOfOtherJobs,    30-08-2020 10:57:57
printLowestSalaryinWorld,    30-08-2020 10:58:02
printLowestSalaryinWorld,    30-08-2020 10:58:02
printCountries,    30-08-2020 11:02:16
printListOfOtherJobs,    30-08-2020 11:02:16
getNumberOfEmployees,    30-08-2020 11:02:16
printMedianSalaryInWorld,    30-08-2020 11:02:16
printFacultyEmployees,    30-08-2020 11:02:16
getNumberOfPersons,    30-08-2020 11:02:16
printLowestSalaryinWorld,    30-08-2020 11:02:16
getNumberOfEmployees,    30-08-2020 11:02:16
getNumberOfEmployees,    30-08-2020 11:02:16
printBigestSalaryinWorld,    30-08-2020 11:02:16
doesThisCountryExist,    30-08-2020 11:02:16
getSumOfSalaries,    30-08-2020 11:02:16
printListOfSecretaries,    30-08-2020 11:02:16
printListOfTeachers,    30-08-2020 11:02:16
printListOfStudents,    30-08-2020 11:02:16
printListOfLaborants,    30-08-2020 11:02:16
printListOfSecretaries,    30-08-2020 11:02:16
printListOfOtherJobs,    30-08-2020 11:02:16
doesThisCountryExist,    30-08-2020 11:02:28
doesThisCountryExist,    30-08-2020 11:02:30
doesThisCountryExist,    30-08-2020 11:02:31
doesThisCountryExist,    30-08-2020 11:02:40
printLowestSalaryinWorld,    30-08-2020 11:02:41
getNumberOfEmployees,    30-08-2020 11:06:18
printMedianSalaryInWorld,    30-08-2020 11:06:18
printListOfOtherJobs,    30-08-2020 11:06:18
printCountries,    30-08-2020 11:06:18
doesThisCountryExist,    30-08-2020 11:06:18
printFacultyEmployees,    30-08-2020 11:06:18
printLowestSalaryinWorld,    30-08-2020 11:06:18
getNumberOfEmployees,    30-08-2020 11:06:18
printBigestSalaryinWorld,    30-08-2020 11:06:18
printListOfSecretaries,    30-08-2020 11:06:18
getNumberOfPersons,    30-08-2020 11:06:18
getNumberOfEmployees,    30-08-2020 11:06:18
printListOfStudents,    30-08-2020 11:06:18
getSumOfSalaries,    30-08-2020 11:06:18
printListOfTeachers,    30-08-2020 11:06:18
printListOfLaborants,    30-08-2020 11:06:18
printListOfSecretaries,    30-08-2020 11:06:18
printListOfOtherJobs,    30-08-2020 11:06:18
ThisCountryExist,    30-08-2020 11:06:23
ThisFacultyExist,    30-08-2020 11:06:24
ThisCountryExist,    30-08-2020 11:06:33
ThisFacultyExist,    30-08-2020 11:06:38
ThisFacultyExist,    30-08-2020 11:06:39
ThisFacultyExist,    30-08-2020 11:08:05
ThisFacultyExist,    30-08-2020 11:08:06
ThisCountryExist,    30-08-2020 11:08:14
ThisCountryExist,    30-08-2020 11:08:15
printCountries,    30-08-2020 11:09:14
getNumberOfEmployees,    30-08-2020 11:09:14
printListOfOtherJobs,    30-08-2020 11:09:14
printMedianSalaryInWorld,    30-08-2020 11:09:14
getNumberOfPersons,    30-08-2020 11:09:14
doesThisCountryExist,    30-08-2020 11:09:14
printFacultyEmployees,    30-08-2020 11:09:14
getNumberOfEmployees,    30-08-2020 11:09:14
getNumberOfEmployees,    30-08-2020 11:09:14
printListOfSecretaries,    30-08-2020 11:09:14
printLowestSalaryinWorld,    30-08-2020 11:09:14
getSumOfSalaries,    30-08-2020 11:09:14
printListOfStudents,    30-08-2020 11:09:14
printBigestSalaryinWorld,    30-08-2020 11:09:14
printListOfTeachers,    30-08-2020 11:09:14
printListOfLaborants,    30-08-2020 11:09:14
printListOfSecretaries,    30-08-2020 11:09:14
printListOfOtherJobs,    30-08-2020 11:09:14
printLowestSalaryinWorld,    30-08-2020 11:09:47
printMedianSalaryInWorld,    30-08-2020 11:14:17
printCountries,    30-08-2020 11:14:17
getNumberOfEmployees,    30-08-2020 11:14:17
printListOfOtherJobs,    30-08-2020 11:14:17
doesThisCountryExist,    30-08-2020 11:14:17
printFacultyEmployees,    30-08-2020 11:14:17
getNumberOfEmployees,    30-08-2020 11:14:17
printListOfSecretaries,    30-08-2020 11:14:17
getNumberOfPersons,    30-08-2020 11:14:17
printLowestSalaryinWorld,    30-08-2020 11:14:17
printListOfStudents,    30-08-2020 11:14:17
getNumberOfEmployees,    30-08-2020 11:14:17
printBigestSalaryinWorld,    30-08-2020 11:14:17
printListOfTeachers,    30-08-2020 11:14:17
getSumOfSalaries,    30-08-2020 11:14:17
printListOfLaborants,    30-08-2020 11:14:17
printListOfSecretaries,    30-08-2020 11:14:17
printListOfOtherJobs,    30-08-2020 11:14:17
getNumberOfEmployees,    30-08-2020 11:50:05
printListOfOtherJobs,    30-08-2020 11:50:05
printCountries,    30-08-2020 11:50:05
printMedianSalaryInWorld,    30-08-2020 11:50:05
getNumberOfPersons,    30-08-2020 11:50:05
getNumberOfEmployees,    30-08-2020 11:50:05
printFacultyEmployees,    30-08-2020 11:50:05
getNumberOfEmployees,    30-08-2020 11:50:05
printListOfTeachers,    30-08-2020 11:50:05
printLowestSalaryinWorld,    30-08-2020 11:50:05
printListOfLaborants,    30-08-2020 11:50:05
getSumOfSalaries,    30-08-2020 11:50:05
doesThisCountryExist,    30-08-2020 11:50:05
printListOfSecretaries,    30-08-2020 11:50:05
printListOfOtherJobs,    30-08-2020 11:50:05
printListOfSecretaries,    30-08-2020 11:50:05
printListOfStudents,    30-08-2020 11:50:05
printBigestSalaryinWorld,    30-08-2020 11:50:05
getNumberOfEmployees,    30-08-2020 11:51:32
printMedianSalaryInWorld,    30-08-2020 11:51:32
printListOfOtherJobs,    30-08-2020 11:51:32
printCountries,    30-08-2020 11:51:32
printFacultyEmployees,    30-08-2020 11:51:32
doesThisCountryExist,    30-08-2020 11:51:32
printLowestSalaryinWorld,    30-08-2020 11:51:32
getNumberOfEmployees,    30-08-2020 11:51:32
printListOfSecretaries,    30-08-2020 11:51:32
getNumberOfPersons,    30-08-2020 11:51:32
printBigestSalaryinWorld,    30-08-2020 11:51:32
getNumberOfEmployees,    30-08-2020 11:51:32
printListOfStudents,    30-08-2020 11:51:32
getSumOfSalaries,    30-08-2020 11:51:32
printListOfTeachers,    30-08-2020 11:51:32
printListOfLaborants,    30-08-2020 11:51:32
printListOfSecretaries,    30-08-2020 11:51:32
printListOfOtherJobs,    30-08-2020 11:51:32
getNumberOfEmployees,    30-08-2020 11:54:22
printListOfOtherJobs,    30-08-2020 11:54:22
printCountries,    30-08-2020 11:54:22
printMedianSalaryInWorld,    30-08-2020 11:54:22
getNumberOfPersons,    30-08-2020 11:54:22
printFacultyEmployees,    30-08-2020 11:54:22
printLowestSalaryinWorld,    30-08-2020 11:54:22
getNumberOfEmployees,    30-08-2020 11:54:22
getNumberOfEmployees,    30-08-2020 11:54:22
printBigestSalaryinWorld,    30-08-2020 11:54:22
doesThisCountryExist,    30-08-2020 11:54:22
getSumOfSalaries,    30-08-2020 11:54:22
printListOfSecretaries,    30-08-2020 11:54:22
printListOfTeachers,    30-08-2020 11:54:22
printListOfLaborants,    30-08-2020 11:54:22
printListOfStudents,    30-08-2020 11:54:22
printListOfSecretaries,    30-08-2020 11:54:22
printListOfOtherJobs,    30-08-2020 11:54:22
ThisFacultyExist,    30-08-2020 11:56:53
ThisFacultyExist,    30-08-2020 11:57:01
ThisCountryExist,    30-08-2020 11:57:09
